id,centro_formacion,nombre_curso,url_curso,fecha_inicio,fecha_fin,horario,horas,last_scraped
14,CEP,"GESTIÓN CONTABLE, FISCAL Y LABORAL",https://cursostenerife.es/cursos/gestion-contable-fiscal-y-laboral/,Formato de fecha no reconocido,No disponible en listado,08:00 – 14:00,340,2026-09-27 04:44:05.646398
15,CEP,FISCALIDAD EN LAS PYMES Y USO DE PROGRAMA DE GESTIÓN FISCAL INTEGRADO,https://cursostenerife.es/cursos/fiscalidad-en-las-pymes-y-uso-de-programa-de-gestion-fiscal-integrado/,Formato de fecha no reconocido,No disponible en listado,08:30 – 14:30,60,2026-09-27 04:44:05.647145
16,CEP,DIGITALIZACIÓN DE NÓMINAS EN LA EMPRESA,https://cursostenerife.es/cursos/digitalizacion-de-nominas-en-la-empresa/,Formato de fecha no reconocido,No disponible en listado,08:30 – 14:30,100,2026-09-27 04:44:05.647874
17,CEP,ORGANIZACIÓN DEL TRANSPORTE Y LA DISTRIBUCIÓN,https://cursostenerife.es/cursos/organizacion-del-transporte-y-distribucion/,Formato de fecha no reconocido,No disponible en listado,08:30 – 14:30,420,2026-09-27 04:44:05.648692
3,Aura Formación,ADGD96 GESTIÓN DEL TIEMPO PARA FACILITAR LA CONCILIACIÓN DE LA VIDA LABORAL Y FAMILIAR (TF) - CONVOCATORIA FPED 2025.,https://www.auraformacion.es/formacion/adgd96-gestion-del-tiempo-para-facilitar-la-conciliacion-de-la-vida-laboral-y-familiar-tf---convocatoria-fped-2025-/607.html,2026-12-09,2026-12-18,08:30-14:30,45,2026-09-27 04:44:05.637483
27,Insforca,ADMINISTRACIÓN Y GESTIÓN DE PLATAFORMAS LMS MOODLE,https://www.insforca.com/cursos/administracion-y-gestion-de-plataformas-lms-moodle-3/,2026-12-09,2026-12-17,No disponible en listado,40,2026-09-27 04:44:05.657110
24,Focan,Aplicacion Herramientas Digitales Educativa,https://isbs.es/formacion/cursos-desempleados/isbs-aplicacion-herramientas-digitales-educativa/,2026-11-30,2026-12-11,No disponible,0,2026-09-27 04:44:05.654490
11,Aura Formación,SSCG0012 DISCAPACIDADES Y OCIO (TF) - CONVOCATORIA FPED 2025.,https://www.auraformacion.es/formacion/sscg0012-discapacidades-y-ocio-tf---convocatoria-fped-2025-/600.html,2026-11-26,2026-12-04,08:30-14:30,40,2026-09-27 04:44:05.643901
4,Aura Formación,COMM0036 REVOLUCIÓN ARTIFICIAL: MARKETING EN REALIDAD VIRTUAL Y AUMENTADA (TF) - CONVOCATORIA FPED 2025.,https://www.auraformacion.es/formacion/comm0036-revolucion-artificial-marketing-en-realidad-virtual-y-aumentada-tf---convocatoria-fped-2025-/610.html,2026-11-24,2026-12-17,08:30-14:30,100,2026-09-27 04:44:05.638269
10,Aura Formación,SSCG0011 GESTIÓN DEL ESTRÉS PARA PROFESIONALES SOCIOSANITARIOS (TF) - CONVOCATORIA FPED 2025.,https://www.auraformacion.es/formacion/sscg0011-gestion-del-estres-para-profesionales-sociosanitarios-tf---convocatoria-fped-2025-/603.html,2026-11-19,2026-11-25,08:30-14:30,30,2026-09-27 04:44:05.643183
39,FormacionLine,DESARROLLO SEGURO DE APLICACIONES,https://formacionline.com/courses/desarrollo-seguro-de-aplicaciones/,2026-11-19,2026-12-18,15:00 a 20:00,104,2026-09-27 04:44:05.674237
5,Aura Formación,FCOL002PO ESPAÑOL ELEMENTAL PARA EXTRANJEROS (TF) - CONVOCATORIA FPED 2025.,https://www.auraformacion.es/formacion/fcol002po-espanol-elemental-para-extranjeros-tf---convocatoria-fped-2025-/611.html,2026-11-17,2026-12-04,16:00-21:00,70,2026-09-27 04:44:05.638988
6,Aura Formación,IFCT0209 MF0221_2: INSTALACIÓN Y CONFIGURACIÓN DE APLICACIONES INFORMÁTICA (TF) - EDUCACIÓN 2024.,https://www.auraformacion.es/formacion/ifct0209--mf0221_2-instalacion-y-configuracion-de-aplicaciones-informatica-tf---educacion-2024-/631.html,2026-11-16,2026-12-04,16:30-20:30,60,2026-09-27 04:44:05.639807
23,Focan,Prl Centros Sanitarios,https://isbs.es/formacion/cursos-desempleados/isbs-prl-centros-sanitarios/,2026-11-16,2026-12-07,No disponible,0,2026-09-27 04:44:05.653669
36,FormacionLine,"COMMUNITY MANAGER, HERRAMIENTAS, ANALÍTICA E INFORMES",https://formacionline.com/courses/cm-herramientas-analitica/,2026-11-16,2026-12-11,15:00 A 21:00,100,2026-09-27 04:44:05.671854
28,Insforca,LIDERAZGO ESTRATÉGICO,https://www.insforca.com/cursos/liderazgo-estrategico-4/,2026-11-09,2026-12-09,No disponible en listado,130,2026-09-27 04:44:05.657955
22,Focan,Atencion Integral Personas Atencion Domiciliaria,https://isbs.es/formacion/cursos-desempleados/isbs-atencion-integral-personas-atencion-domiciliaria/,2026-11-06,2026-12-07,No disponible,0,2026-09-27 04:44:05.652847
26,Insforca,ALEMÁN A2,https://www.insforca.com/cursos/aleman-a2-2/,2026-11-06,2026-12-15,No disponible en listado,160,2026-09-27 04:44:05.656187
21,Focan,Atencion Diversidad Necesidades Especiales,https://isbs.es/formacion/cursos-desempleados/isbs-atencion-diversidad-necesidades-especiales/,2026-11-05,2026-11-27,No disponible,0,2026-09-27 04:44:05.652069
40,FormacionLine,"COMPETENCIAS DIGITALES PARA FORMADORES Y TUTORES SEGÚN EL ""MARCO COMÚN DE COMPETENCIA DIGITAL DOCENTE-DIGCOMP""",https://formacionline.com/courses/digital-docente-digcomp-tnf/,2026-11-05,2026-11-25,15:00 A 21:00,80,2026-09-27 04:44:05.675043
20,Focan,Tecnico Pedagogico Tenerife2,https://focan.es/nuestros-cursos/formacion-gratuita/cursos-para-desempleados/tenerife-arona/tecnico-pedagogico-tf2/,2026-11-03,2027-05-18,No disponible,0,2026-09-27 04:44:05.651246
33,FormacionLine,ALEMÁN A2,https://formacionline.com/courses/aleman-a2-panama/,2026-11-03,2026-12-10,08:30 A 14:30,150,2026-09-27 04:44:05.662151
35,FormacionLine,CONSULTOR ESPECIALISTA DE POWER PLATFORM CON INTELIGENCIA ARTIFICIAL,https://formacionline.com/courses/consultor-power-platform-con-ia/,2026-10-30,2026-12-14,08:30 A 14:30,160,2026-09-27 04:44:05.670882
37,FormacionLine,LIDERAZGO DIGITAL EN UNA ORGANIZACIÓN,https://formacionline.com/courses/liderazgo-digital-organizacion/,2026-10-15,2006-11-13,15:00 A 20:00,92,2026-09-27 04:44:05.672633
29,Insforca,GESTOR DE PRODUCTO DIGITAL,https://www.insforca.com/cursos/gestor-de-producto-digital/,2026-10-13,2026-11-30,No disponible en listado,150,2026-09-27 04:44:05.658750
38,FormacionLine,TÉCNICAS DE SONIDO,https://formacionline.com/courses/tecnicas-de-sonido/,2026-10-13,2026-11-18,15:00 A 21:00,130,2026-09-27 04:44:05.673387
34,FormacionLine,PROCEDIMIENTOS BÁSICOS EN IMPRESIÓN Y DISEÑO 3D,https://formacionline.com/courses/impresion-diseno-3d/,2026-10-08,2026-11-11,15:00 A 21:00,125,2026-09-27 04:44:05.662885
19,Focan,Aleman A2,https://isbs.es/formacion/cursos-desempleados/isbs-aleman-a2/,2026-10-07,2026-11-16,No disponible,0,2026-09-27 04:44:05.650419
12,Aura Formación,SSCG11 ATENCIÓN ESPECIALIZADA A PERSONAS DEPENDIENTES CON TRASTORNO DEL ESPECTRO DEL AUTISMO (TF) - CONVOCATORIA FPED 2025.,https://www.auraformacion.es/formacion/sscg11-atencion-especializada-a-personas-dependientes-con-trastorno-del-espectro-del-autismo-tf---convocatoria-fped-2025-/606.html,2026-10-05,2026-12-07,08:30-14:30,260,2026-09-27 04:44:05.644622
32,FormacionLine,MF1017_2 INTERVENCIÓN EN LA ATENCIÓN HIGIÉNICO ALIMENTARIA EN INSTITUCIONES,https://formacionline.com/courses/intervencion-aten-higie-alimentaria-insti/,2026-10-05,2026-10-23,15:30 A 20:30,70,2026-09-27 04:44:05.661364
18,Focan,Atencion Integral Personas Centros Sociales,https://isbs.es/formacion/cursos-desempleados/isbs-atencion-integral-personas-centros-sociales/,2026-10-02,2026-11-04,No disponible,0,2026-09-27 04:44:05.649585
1,Aura Formación,SSCG18 ATENCIÓN INTEGRAL Y CENTRADA EN LA PERSONA PARA PROFESIONALES DE ATENCIÓN CONTINUADA EN CENTROS Y DOMICILIOS (TF) - CONVOCATORIA FPED 2025.,https://www.auraformacion.es/formacion/-sscg18-atencion-integral-y-centrada-en-la-persona-para-profesionales-de-atencion-continuada-en-centros-y-domicilios-tf---convocatoria-fped-2025-/608.html,2026-09-28,2026-11-18,16:30-21:00,160,2026-09-27 04:44:05.635250
25,Insforca,FRANCÉS A2,https://www.insforca.com/cursos/frances-a2-5/,2026-09-28,2026-11-05,No disponible en listado,160,2026-09-27 04:44:05.655340
9,Aura Formación,SSCG0001 ANIMACIÓN ESTIMULATIVA CON PERSONAS EN SITUACIÓN DE DEPENDENCIA (TF) - CONVOCATORIA FPED 2025.,https://www.auraformacion.es/formacion/sscg0001-animacion-estimulativa-con-personas-en-situacion-de-dependencia-tf---convocatoria-fped-2025-/604.html,2026-09-24,2026-12-17,16:00-21:00,290,2026-09-27 04:44:05.642421
30,FormacionLine,ADMINISTRADOR ESPECIALISTA MICROSOFT 365 CON INTELIGENCIA ARTIFICIAL,https://formacionline.com/courses/administrador-microsoft365-con-ia/,2026-09-22,2026-10-29,8:30 A 14:30,150,2026-09-27 04:44:05.659558
31,FormacionLine,ALEMÁN A1,https://formacionline.com/courses/aleman-a1-panama/,2026-09-22,2026-10-29,08:30 A 14:30,150,2026-09-27 04:44:05.660586
2,Aura Formación,"ADGD0032 GESTIÓN CONTABLE, FISCAL Y LABORAL (TF) - CONVOCATORIA FPED 2025.",https://www.auraformacion.es/formacion/adgd0032-gestion-contable_-fiscal-y-laboral-tf---convocatoria-fped-2025-/564.html,2026-09-10,2026-12-03,08:30 - 14:30,350,2026-09-27 04:44:05.636612
7,Aura Formación,"SSCE0110 HABILITACION PARA LA DOCENCIA EN GRADOS A,B Y C DEL SISTEMA DE FORMACION PROFESIONAL (TF) - CONVOCATORIA FPED 2025.",https://www.auraformacion.es/formacion/ssce0110-habilitacion-para-la-docencia-en-grados-a_b-y-c-del-sistema-de-formacion-profesional-tf---convocatoria-fped-2025-/465.html,2026-09-01,2026-11-18,08:30 - 14:30,420,2026-09-27 04:44:05.640807
8,Aura Formación,SSCE0111 PROMOCIÓN E INTERVENCIÓN SOCIOEDUCATIVA CON PERSONAS CON DISCAPACIDAD (TF) - CONVOCATORIA FPED 2025.,https://www.auraformacion.es/formacion/ssce0111-promocion-e-intervencion-socioeducativa-con-personas-con-discapacidad-tf---convocatoria-fped-2025-/561.html,2026-09-01,2026-11-23,08:15 - 14:45,490,2026-09-27 04:44:05.641674
13,Aura Formación,SSCS0208 ATENCIÓN SOCIOSANITARIA A PERSONAS DEPENDIENTES EN INSTITUCIONES SOCIALES (TF) - CONVOCATORIA FPED 2025.,https://www.auraformacion.es/formacion/sscs0208-atencion-sociosanitaria-a-personas-dependientes-en-instituciones-sociales-tf---convocatoria-fped-2025-/563.html,2026-09-01,2026-11-24,08:15-14:45,490,2026-09-27 04:44:05.645571
